{
  "1101": "普通限速信息",
  "1102": "红绿灯",
  "1103": "红绿灯",
  "1104": "大门",
  "1105": "警示信息",
  "1106": "坡度",
  "1107": "收费站",
  "1108": "减速带",
  "1109": "电子眼",
  "1110": "限高限重",
  "1111": "条件限速信息",
  "1112": "可变限速",
  "1113": "车道限速信息",
  "1114": "卡车限速",
  "1115": "车道变化点",
  "1116": "分层（Z-Level）",
  "1117": "车道限高限宽",
  "1201": "道路种别",
  "1202": "车道数",
  "1203": "道路方向",
  "1204": "潮汐车道",
  "1205": "SA",
  "1206": "PA",
  "1207": "匝道",
  "1208": "停车场出入口连接路",
  "1209": "航线",
  "1210": "ADAS",
  "1211": "高速连接路",
  "1212": "行人非机动车通行属性",
  "1213": "行人非机动车通行属性",
  "1214": "在建属性",
  "1301": "车信",
  "1302": "交限",
  "1303": "货车交限",
  "1304": "禁止穿行",
  "1305": "交限",
  "1306": "路口语音引导",
  "1307": "自然语音",
  "1308": "货车交限",
  "1309": "CLM信息",
  "1310": "公交专用车道",
  "1311": "可变导向车道",
  "1401": "方向看板",
  "1402": "实景看板",
  "1403": "普通3D",
  "1404": "提右3D",
  "1405": "普通道路方面名称",
  "1406": "实景图",
  "1407": "高速分歧",
  "1408": "实景图",
  "1409": "复杂路口模式图",
  "1410": "专用模式图",
  "1501": "上下线分离",
  "1502": "铺设状态",
  "1503": "高架",
  "1504": "跨线天桥/跨线地道",
  "1505": "跨线天桥/跨线地道",
  "1506": "私道",
  "1507": "步行街",
  "1508": "公交专用道路",
  "1509": "跨线立交桥",
  "1510": "桥",
  "1511": "隧道",
  "1512": "铺路",
  "1513": "窄道",
  "1514": "施工中不开放",
  "1515": "维修",
  "1516": "季节性关闭道路",
  "1517": "Usage fee required",
  "1518": "阶梯信息",
  "1519": "休闲路线",
  "1520": "在建属性",
  "1601": "环岛",
  "1602": "特殊交通",
  "1603": "未定义交通类型",
  "1604": "区域内道路",
  "1605": "POI连接路",
  "1606": "收费信息",
  "1607": "风景路线",
  "1701": "障碍物",
  "1702": "铁路道口",
  "1703": "分叉提示",
  "1704": "路口名称",
  "1705": "立交桥名称",
  "1706": "道路形状",
  "1707": "里程桩",
  "1708": "ADAS",
  "1709": "道路形状",
  "1801": "分层（Z-Level）",
  "1802": "背景",
  "1803": "道路挂接",
  "1804": "顺行",
  "1805": "路口登记",
  "1806": "道路挂接",
  "1901": "道路名称",
  "2001": "道路形状",
  "2002": "ADAS",
  "2101": "道路挂接",
  "2102": "道路挂接",
  "2201": "过街天桥/地下通道",
  "2202": "人行过道信息",
  "2203": "虚拟连接",
  "2204": "虚拟连接",
  "8001": "功能等级（FC）",
  "8002": "图幅接边",
  "8005": "内业预处理",
  "8006": "内业预处理",
  "8007": "内业预处理",
  "8008": "内业预处理",
  "8009": "内业预处理",
  "8010": "内业预处理"
}